{
    "root_group": {
        "id": "d41d8cd98f00b204e9800998ecf8427e",
        "groups": {},
        "checks": {},
        "name": "",
        "path": ""
    },
    "metrics": {
        "http_req_duration": {
            "avg": 2649.5373499999996,
            "min": 367.2641,
            "med": 2647.08495,
            "max": 3221.0702,
            "p(90)": 3020.85513,
            "p(95)": 3143.79679
        },
        "http_req_sending": {
            "avg": 0.04492203389830508,
            "min": 0,
            "med": 0,
            "max": 0.5295,
            "p(90)": 0,
            "p(95)": 0.5039
        },
        "http_reqs": {
            "count": 118,
            "rate": 3.636525033077123
        },
        "http_req_connecting": {
            "avg": 0.6115737288135593,
            "min": 0,
            "med": 0.54565,
            "max": 2.5105,
            "p(90)": 0.8255299999999993,
            "p(95)": 1.209045
        },
        "vus_max": {
            "max": 10,
            "value": 10,
            "min": 10
        },
        "http_req_receiving": {
            "avg": 2.861199152542372,
            "min": 1.0045,
            "med": 2.72415,
            "max": 5.4878,
            "p(90)": 3.80367,
            "p(95)": 4.180865
        },
        "http_req_duration{expected_response:true}": {
            "avg": 2627.616491666667,
            "min": 367.2641,
            "med": 2649.3619,
            "max": 3221.0702,
            "p(90)": 3143.34386,
            "p(95)": 3207.947115
        },
        "http_req_failed": {
            "passes": 58,
            "fails": 60,
            "value": 0.4915254237288136
        },
        "http_req_tls_handshaking": {
            "p(90)": 0,
            "p(95)": 0,
            "avg": 0,
            "min": 0,
            "med": 0,
            "max": 0
        },
        "http_req_waiting": {
            "avg": 2646.6312288135596,
            "min": 365.4732,
            "med": 2644.0201500000003,
            "max": 3218.4037,
            "p(90)": 3018.17175,
            "p(95)": 3141.02705
        },
        "vus": {
            "value": 2,
            "min": 2,
            "max": 10
        },
        "http_req_blocked": {
            "med": 0.54895,
            "max": 17.5656,
            "p(90)": 1.5635299999999994,
            "p(95)": 16.5664,
            "avg": 2.0283093220338984,
            "min": 0
        },
        "iteration_duration": {
            "avg": 2651.6055567796616,
            "min": 383.8305,
            "med": 2647.6317,
            "max": 3221.6027,
            "p(90)": 3021.39653,
            "p(95)": 3144.51593
        },
        "iterations": {
            "count": 118,
            "rate": 3.636525033077123
        },
        "data_received": {
            "count": 444050,
            "rate": 13684.736787609292
        },
        "data_sent": {
            "count": 10738,
            "rate": 330.9237780100182
        }
    }
}